INSERT INTO  home (id, addressa, city, country, name) VALUES (4, 'Pasichna 2a', 'Lviv', 'Ukraine', 'My sweet home');
INSERT INTO  device_template (id, brand, model, power_supply, release_year, type, image) VALUES (1, 'Xiaomi', 'NUN4013CN', 'linear regulated', 2018, 'Temperature Meter', 'https://hotline.ua/img/tx/218/2189018225.jpg');
INSERT INTO  device_template (id, brand, model, power_supply, release_year, type, image) VALUES (2, 'Xiaomi', 'Mijia 2 Digital Hygrometer', 'unregulated', 2019, 'Humidity Meter', 'http://stecker.com.ua/files/goods_images/577bd487c0fa8.jpeg');
INSERT INTO  device_template (id, brand, model, power_supply, release_year, type, image) VALUES (3, 'Aqara', 'WSDCGQ11LM', 'unregulated', 2017, 'Door sensor', 'https://images-na.ssl-images-amazon.com/images/I/31SY9swPB7L._SX342_.jpg');
INSERT INTO  device_template (id, brand, model, power_supply, release_year, type, image) VALUES (4, 'Life', 'TP-3', 'regulated', 2013, 'Window sensor', 'https://ilounge.ua/files/products/koogeek-dw1-door-window-sensor-2.1000x.jpg');
INSERT INTO  device_template (id, brand, model, power_supply, release_year, type, image) VALUES (5, 'ORVIBO', 'ZigBee ST20-O', 'regulated', 2018, 'Light Sensor', 'https://www.digibay.in/image/cache/data/se/250-a-photo-resistor-light-sensor-module-600x600.jpg');
INSERT INTO  device_template (id, brand, model, power_supply, release_year, type, image) VALUES (6, 'Aqara', 'AS008CNW01', 'regulated', 2017, 'Temperature-Humidity Meter', 'https://encrypted-tbn0.gstatic.com/images?q=tbn%3AANd9GcRoOfoc1F2_6Ua-BeXEp2GSCXfFS9aGtSx0AKykY4uiyuXCbDix');
INSERT INTO  device_template (id, brand, model, power_supply, release_year, type, image) VALUES (7, 'Ajax', '000005637', 'unregulated', 2016, 'Temperature Meter', 'https://hotline.ua/img/tx/154/1545674635.jpg');
INSERT INTO  device_template (id, brand, model, power_supply, release_year, type, image) VALUES (8, 'Ajax', '000005636', 'regulated', 2016, 'Humidity Meter', 'https://hotline.ua/img/tx/154/1545674705.jpg');
INSERT INTO  device_template (id, brand, model, power_supply, release_year, type, image) VALUES (9, 'Fibaro', 'FGMS-001', 'regulated', 2015, 'Door sensor', 'https://hotline.ua/img/tx/158/1587240975.jpg');
INSERT INTO  device_template (id, brand, model, power_supply, release_year, type, image) VALUES (10, 'Arton', 'TPT-2', 'regulated', 2014, 'Light Sensor', 'https://hotline.ua/img/tx/210/2107941665.jpg ');
INSERT INTO  device_template (id, brand, model, power_supply, release_year, type, image) VALUES (11, 'SATEL', 'ATD-100', 'regulated', 2013, 'Window sensor', 'https://hotline.ua/img/tx/103/10324845.jpg');
INSERT INTO  device_template (id, brand, model, power_supply, release_year, type, image) VALUES (12, 'Sumsung', 'TPT-221', 'unregulated', 2019, 'Temperature-Humidity Meter', 'https://hotline.ua/img/tx/218/2189018225.jpg');
INSERT INTO  features (id, description, name) VALUES (1, 'temperature check feature', 'Temperature');
INSERT INTO  features (id, description, name) VALUES (2, 'humidity check feature', 'Humidity');
INSERT INTO  features (id, description, name) VALUES (3, 'door status check feature', 'Door');
INSERT INTO  features (id, description, name) VALUES (4, 'window status check feature', 'Window');
INSERT INTO  features (id, description, name) VALUES (5, 'light status check feature', 'Light');
INSERT INTO  location (id, name, home_id) VALUES (7, 'living room', 4);
INSERT INTO  location (id, name, home_id) VALUES (8, 'kitchen', 4);
INSERT INTO  location (id, name, home_id) VALUES (9, 'bathroom', 4);
INSERT INTO  location (id, name, home_id) VALUES (10, 'bedroom', 4);
INSERT INTO  location (id, name, home_id) VALUES (11, 'childroom', 4);
INSERT INTO  location (id, name, home_id) VALUES (12, 'hall', 4);
INSERT INTO  local_device (uuid, description, location_id, supported_device_id) VALUES ('0865bedb-5530-4053-a9bf-22602f91', 'Door sensor in hall', 12, 9);
INSERT INTO  local_device (uuid, description, location_id, supported_device_id) VALUES ('1341d569-258d-483e-9b53-63dbc986', 'Light sensor in kitchen', 8, 5);
INSERT INTO  local_device (uuid, description, location_id, supported_device_id) VALUES ('1907c199-9043-43f8-b120-91adba9d', 'Door sensor in bedroom', 10, 3);
INSERT INTO  local_device (uuid, description, location_id, supported_device_id) VALUES ('1f9c33e2-cd30-48ed-ae21-236f0c55', 'humidity meter in kitchen', 8, 2);
INSERT INTO  local_device (uuid, description, location_id, supported_device_id) VALUES ('264e6a65-d48b-41d2-8d7a-0e19b0a1', 'Window sensor in living room', 7, 4);
INSERT INTO  local_device (uuid, description, location_id, supported_device_id) VALUES ('2b6a9289-7632-43fd-a285-71b724c1', 'Temperature-Humidity sensor in living room', 7, 6);
INSERT INTO  local_device (uuid, description, location_id, supported_device_id) VALUES ('362a097a-4f11-49a0-8454-13e20784', 'Temperature meter in  kitchen', 8, 1);
INSERT INTO  local_device (uuid, description, location_id, supported_device_id) VALUES ('49e0ae44-b8f6-4b8c-a2e9-1439cf18', 'Left window sensor in hall', 12, 4);
INSERT INTO  local_device (uuid, description, location_id, supported_device_id) VALUES ('52c78ac5-b988-445d-be60-269d43e3', 'Window sensor in kitchen', 8, 11);
INSERT INTO  local_device (uuid, description, location_id, supported_device_id) VALUES ('6258ff34-9915-4c78-bb50-368f5af5', 'Temperature sensor in bathroom', 9, 1);
INSERT INTO  local_device (uuid, description, location_id, supported_device_id) VALUES ('6d3f638e-1ce2-46e6-b19a-f0ce4b27', 'Door sensor in living room', 7, 3);
INSERT INTO  local_device (uuid, description, location_id, supported_device_id) VALUES ('77dbe564-a26d-4a5f-9bf5-98b54fb2', 'Light sensor in hall', 12, 10);
INSERT INTO  local_device (uuid, description, location_id, supported_device_id) VALUES ('820e7d8c-04c9-40e6-8d43-16973397', 'Temperature-Humidity meter in hall', 12, 12);
INSERT INTO  local_device (uuid, description, location_id, supported_device_id) VALUES ('922be9cc-5028-4bd4-8424-199b18b9', 'Temperature-Humiditi meter in bedroom', 10, 6);
INSERT INTO  local_device (uuid, description, location_id, supported_device_id) VALUES ('ba674b67-e546-4a2f-89f8-0ec21bf0', 'Light sensor in bathroom', 9, 10);
INSERT INTO  local_device (uuid, description, location_id, supported_device_id) VALUES ('c260fae1-d6e5-4757-8642-1d5374d8', 'Light sensor in bedroom', 10, 5);
INSERT INTO  local_device (uuid, description, location_id, supported_device_id) VALUES ('cba1fb61-19dc-4cac-99d5-f09b19b2', 'Window sensor in bedroom', 10, 3);
INSERT INTO  local_device (uuid, description, location_id, supported_device_id) VALUES ('cf607424-ba01-406d-8c05-d73a0ddb', 'Right window sensor in hall', 12, 11);
INSERT INTO  actions (id, description, type) VALUES (2, 'send to device', 0);
INSERT INTO  actions (id, description, type) VALUES (3, 'send to telegram', 1);
INSERT INTO  actions (id, description, type) VALUES (4, 'send to mail', 2);
INSERT INTO  actions (id, description, type) VALUES (5, 'log data', 3);
INSERT INTO  device_features (features_id, device_id, specification) VALUES (1, 1, '{"columnName": "temperature", "type": "numeric", "restriction": {"min":-15,"max":25}}');
INSERT INTO  device_features (features_id, device_id, specification) VALUES (2, 2, '{"columnName": "humidity", "type": "numeric", "restriction": {"min":1,"max":80}}');
INSERT INTO  device_features (features_id, device_id, specification) VALUES (3, 3, '{"columnName": "door", "type": "enum", "restriction": ["OPEN","CLOSE"]}');
INSERT INTO  device_features (features_id, device_id, specification) VALUES (4, 4, '{"columnName": "window", "type": "enum", "restriction": ["OPEN","CLOSE"]}');
INSERT INTO  device_features (features_id, device_id, specification) VALUES (5, 5, '{"columnName": "light", "type": "enum", "restriction": ["ON","OFF"]}');
INSERT INTO  device_features (features_id, device_id, specification) VALUES (1, 6, '{"columnName": "temperature", "type": "numeric", "restriction": {"min":-20,"max":25}}');
INSERT INTO  device_features (features_id, device_id, specification) VALUES (2, 6, '{"columnName": "humidity", "type": "numeric", "restriction": {"min":1,"max":80}}');
INSERT INTO  device_features (features_id, device_id, specification) VALUES (1, 7, '{"columnName": "temperature", "type": "numeric", "restriction": {"min":-25,"max":35}}');
INSERT INTO  device_features (features_id, device_id, specification) VALUES (2, 8, '{"columnName": "humidity", "type": "numeric", "restriction": {"min":1,"max":100}}');
INSERT INTO  device_features (features_id, device_id, specification) VALUES (3, 9, '{"columnName": "door", "type": "enum", "restriction": ["OPEN","CLOSE"]}');
INSERT INTO  device_features (features_id, device_id, specification) VALUES (5, 10, '{"columnName": "light", "type": "enum", "restriction": ["ON","OFF"]}');
INSERT INTO  device_features (features_id, device_id, specification) VALUES (4, 11, '{"columnName": "window", "type": "enum", "restriction": ["OPEN","CLOSE"]}');
INSERT INTO  device_features (features_id, device_id, specification) VALUES (1, 12, '{"columnName": "temperature", "type": "numeric", "restriction": {"min":-15,"max":25}}');
INSERT INTO  device_features (features_id, device_id, specification) VALUES (2, 12, '{"columnName": "humidity", "type": "numeric", "restriction": {"min":1,"max":80}}');
INSERT INTO  rules (id, conditions, name, active, description) VALUES (9, '[{"field_name":"door","value":"OPEN","operator":"=","device":{"uuid":"0865bedb-5530-4053-a9bf-22602f91","home_id":"4"}},{"field_name":"window","value":"OPEN","operator":"=","device":{"uuid":"cf607424-ba01-406d-8c05-d73a0ddb","home_id":"4"}},{"field_name":"window","value":"OPEN","operator":"=","device":{"uuid":"49e0ae44-b8f6-4b8c-a2e9-1439cf18","home_id":"4"}}]', 'Hall rule', false, 'send message to device if door or window open');
INSERT INTO  rules (id, conditions, name, active, description) VALUES (11, '[{"field_name":"humidity","value":60,"operator":"<","device":{"uuid":"2b6a9289-7632-43fd-a285-71b724c1","home_id":"4"}},{"field_name":"temperature","value":10,"operator":"<","device":{"uuid":"2b6a9289-7632-43fd-a285-71b724c1","home_id":"4"}}]', 'Living room rule', false, 'send messages ');
INSERT INTO  rules (id, conditions, name, active, description) VALUES (12, '[{"field_name":"light","value":"ON","operator":"=","device":{"uuid":"c260fae1-d6e5-4757-8642-1d5374d8","home_id":"4"}},{"field_name":"door","value":"OPEN","operator":"=","device":{"uuid":"1907c199-9043-43f8-b120-91adba9d","home_id":"4"}},{"field_name":"temperature","value":"[21,22,12]","operator":"IN","device":{"uuid":"922be9cc-5028-4bd4-8424-199b18b9","home_id":"4"}}]', 'Badroom rule', false, 'send to window device ');
INSERT INTO  actions_rule (action_id, rule_id, action_specification) VALUES (2, 9, '{"uuid":"2b6a9289-7632-43fd-a285-71b724c1","data":"open","description":"Temperature-Humidity sensor in living room"}');
INSERT INTO  actions_rule (action_id, rule_id, action_specification) VALUES (2, 12, '{"uuid":"cba1fb61-19dc-4cac-99d5-f09b19b2","data":"open","description":"Window sensor in bedroom"}');
INSERT INTO  actions_rule (action_id, rule_id, action_specification) VALUES (3, 11, '{"username":"pasha332","text":"help!!!"}');
INSERT INTO  actions_rule (action_id, rule_id, action_specification) VALUES (4, 11, '{"email":"baluhpavlo@gmail.com","text":"help!!!!"}');
INSERT INTO  telegram_user (id, chat_id, username, enabled) VALUES (1, '279028253', 'pasha332', true);
INSERT INTO  users (id, email, enabled, first_name, last_name, password, secret, telegram_user_id) VALUES (14, 'baluhpavlo@gmail.com', true, 'Pavlo', 'Baluh', '$2a$10$spJLfVh97m0j7FudCKspjuUiPw/Fa73WoxdT4URfjMmAKyGV8Q5Kq', '13969d57-61a0-45e5-b4fe-6dfec5c20d26', 1);
INSERT INTO  user_home (user_id, home_id) VALUES (14, 4);
